,title,salary,company,description
0,Data Engineer / Analyst - French MNC (30 - 37K),not available,STA Pacific Limited,"['3-5 yrs Data Engineer / Analyst exp.', 'Familiar with BI Tools & Data Warehousing', 'Degree in Computer Science / IT / Engineering']"
1,Data Engineer with a Tier-1 Bank,HK$35K - 55K /month ,Michael Page,"['Attractive package', 'Contract role with high potential to extend', '']"
2,Big Data Engineer - Relocation Opportunity,not available,Spencer Ogden (Hong Kong) Limited,"['Mobile Gambling Industry', 'Very diverse background of team', 'Multitude of benefits provided by the company']"
3,Senior Data Engineer,not available,Viu,[]
4,Senior Data Engineer,not available,Hypebeast Hong Kong Limited,"['Build and maintain data pipeline architecture', 'Exposure to different projects and internal teams', 'International working environment']"
5,"Consulting – Financial Services, Data & Analytics – Data Engineer (Cloud)",not available,EY,"['University/Bachelor’s Degree required', ""At least 5 years' relevant experience"", 'Fluency in English, good in Chinese']"
6,Data Engineer,not available,Ztore HK Limited,"['Stream processing, MLops', 'Latest techs: Beam, Airflow, K8s', 'Work with documented, peer reviewed cod']"
7,"Operation & Process Management Engineer, Data Center (Ref:CMIJD-0415-EIDCHK)",not available,China Mobile International Limited,"['Global Data Center process management', 'Transportation allowance & free Company shuttle', 'Electrical Engineering background preferred']"
8,"Data Engineer, MNC, 35k - 40K",not available,Ambition,"['International team', '3-5 years of experience in data engineering', 'Work life balance']"
9,Data Engineer,not available,E-buy Global Limited,"['Data engineering under Linux environment', 'Python, Java, SQL', 'Machine Learning, AI, Big Data']"
10,"Google Cloud Data Engineer, Data Analyst, Data Engineer",not available,Leadership Solutions Limited,"['IT Data Engineer', 'IT Data Analyst', 'Google Cloud Data Engineer']"
11,Sales Engineer (data centre solution),not available,Eternity Consultants (HK) Ltd,[]
12,"Engineer (PI) / Engineering Associate (PI), AI & Data Analytics",not available,Hong Kong Applied Science and Technology Research Institute Company Limited (ASTRI),[]
13,Data Center Engineer,not available,Doo Technology Limited,"['Tech savvy with solid knowledge in network/server', 'Free flow snacks & drinks + weekly tea time', 'Double pay + performance bonus']"
14,Data Engineer,not available,KBQuest Hong Kong Ltd,"['5 day work week', 'Exposure to various industries', 'An energetic learning platform']"
15,Data Engineer,HK$45K - 55K /month ,Capgemini Hong Kong Limited,"['Data Engineering', 'Big data platform', 'Reporting']"
16,Data Engineer,not available,Hypebeast Hong Kong Limited,"['Recent graduates with passion are welcome', 'Innovative, young and energetic team members', 'Exposure to different projects and internal teams']"
17,"Junior /Data Engineer, Fashion AI/Tech",not available,Jellibeans Hong Kong Limited,"['Python and Linux experience', 'Fashion & Lifestyle', 'Excellent career development']"
18,Engineer Intern (Data Processing / Visualization) (Ref CLR2021-029),not available,Hong Kong Centre for Logistics Robotics Limited,[]
19,Senior Data Engineer,not available,Zuhlke Engineering Hong Kong Limited,"['data engineer', 'work life balance', 'multinational']"
20,"Technical Officer/ Assistant Engineer (Data Centre,TKO area)",not available,Jones Lang LaSalle Ltd,"['Building Services Engineer', 'Technical Officer', 'Facilities Management']"
21,Engineering Scientist / Senior Engineer Scientist / Data Scientist,not available,Novoheart Limited,"['PhD, develop software and hardware, programming', 'data analysis, machine learning, CAD, prototyping', 'bioreactors, instrumentation, design interface']"
22,"System Analyst (Data Engineer), Information Technology",not available,FWD Life Insurance Company (Bermuda) Limited,"[""Lead and focus on data eco-systems' engineering"", 'Knowledge on big data hadoop technology & ETL tool', 'Permanent, Discretionary Bonus, 20days AL, Medical']"
23,Data Engineer/Data Analyst- Regional Role,not available,TEKsystems,"['Data Engineer/Data Analyst', 'eCommerce/ Digital Projects', 'Large Customer Data/Cloud']"
24,"Data Engineer (Junior - AM level, MNC Vendor, 25 - 60k)",not available,Recruit Logic Limited,"['Data Engineer (Junior - AM level)', 'strong experience in ETL/ Informatica/ PostgreSQL', 'Python / AWS a plus']"
25,Senior Data Engineer/Analytic - Finance/Leasing (~45K),not available,KOS International Limited,"['SQL, Python, SSIS, SSRS', 'Large Customer Data', 'Azure Cloud Platform']"
26,"Banking - P Manager, Technical Manager(Google or AWS), Tester, Mobile Developer, Data Engineer",not available,Leadership Solutions Limited,"['Project Manager', 'Technical solution manager', 'Big company']"
27,Data Architect / Data Engineer,not available,HKBN Enterprise Solutions HK Limited,"['Talent-first & LIFE-work Priority Culture', 'Bring data warehouse,analytical solution to client', 'Support the full software development lifecycle']"
28,"Google Cloud Data Engineer, Data Analyst, Data Engineer",not available,Leadership Solutions Limited,"['IT Data Engineer', 'IT Data Analyst', 'Google Cloud Data Engineer']"
29,Data Scientist / Power BI Analyst/ Data Engineer,not available,SnagR Limited,"['Not a regular job', 'Flexible working hour and delicious lunch', 'Provide iMac/Macbook, whichever gets the job done']"
30,Data Engineer (Python/ API/ AWS/ SQL)- 30-40k,not available,Ambition,"['MNC', 'Software Development', 'Great Learning Platform']"
31,"Data Engineer, European company, 35k - 40K",not available,Ambition,"['International team', '3-5 years of experience in data engineering', 'Work life balance']"
32,Data Engineer (Advertising & Media Field),not available,Hotmob Limited,"['Strong experience in ETL/ Python / SQL', 'Google Cloud Platform & Google Analytic preferred', 'Innovative, Enthusiastic, Startup Mindset']"
33,Data Engineer (Ref.no.: 210309),not available,Autotoll Limited,"['Degree in Computer Science', '4 years+ relevant IT System Development Experience', '5 days work']"
34,Assistant Data Engineer Manager,not available,Viu,[]
35,Junior Data Engineer,not available,BFAM Partners,[]
36,Senior System Engineer | Business Critical Data Management,HK$30K - 45K /month ,Ambitious People Group,"['16 AL + 1 per year', 'Certificate allowance (ISO 27001, DevOps, AWS)', 'MPF + Medical']"
37,Data Engineer,not available,Leading Edge Group Limited,"['Year of IT Experience: 2 year or above', 'Fields of Study : Computer Engineering related', 'Knowledge, skill and experiences on Python']"
38,Contract Data Engineer (12 months renewable contract),not available,Peoplebank Hong Kong Limited,"['Renewable contract', 'Working for advance technologies', 'Good career exposure']"
39,Data Lake Architect,not available,Nityo Infotech Services Limited,"['Experience with Data Lake', 'Familiar with Hadoop stack YARN, Kafka, Hive, Pig.', 'Experience in data modeling and BI systems']"
40,Data Engineering/ETL Developer/BI Developer/BI Engineer/ SQL Developer/Data Analyst,HK$35K - 55K /month ,Avanade Hong Kong Limited,"['Created by Accenture and Microsoft', ""13M's Pay,15 Annual Leave, ESPP, Group Medical"", 'Housing Bonus, Kudos Program, Mobile&Extend Bonus']"
41,Senior Data Centre Operations Engineer / Duty Shift Manager,not available,Atos Information Technology HK Limited,"['High Diploma or above', '8 years of relevant experience', 'shift duty']"
42,Project Engineer (Data Center),not available,China Telecom Global Limited,"['Data Center Facility experience', 'Strong experience in IP Network / Transmission', 'Telecom industry is an advantage']"
43,Data Center Engineer (MNC) (On Job training will be provided),not available,PeopleLink Services Limited,"['Data Center Operation', 'System and Network Monitoring', 'Training provided']"
44,Banking Talent Programme - Data Engineer,not available,"The Bank of East Asia, Limited","['To support Advanced Analytics Managers', 'University graduate in Banking, Finance', 'Sound knowledge on data management']"
45,"Engineer, Data",not available,BC Technology (Hong Kong) Limited,"['Fintech', 'Cypto', 'Engineer']"
46,Data Engineer (Big Data/ Spark/ Hadoop)- 30-38k,not available,Ambition,"['MNC', 'Software Development', 'Great Learning Platform']"
47,Data Engineer (Big Data),not available,IBM China / Hong Kong Ltd,"['Big Data Platform Technology', 'ETL / BI Tools', 'Data Ingestion']"
48,Data Scientist (Data Visualization),not available,M800 Limited,"['Excellent career development in global company', 'Discretionary performance bonus', 'Company Shares, Fitness Center, Medical benefit']"
49,Full Stack Engineer (Data Products) - Sal. up to  80k per month,not available,Manpower Services (Hong Kong) Limited,"['Proficient in English', 'Good understanding of REST or GraphQL API design', 'Excel at backend language Nodejs / python/ Java']"
50,"BI Analyst, Asia Pacific (Azure Data Factory & Azure Databricks)",not available,Chanel Hong Kong Limited,"['Help and assist in designing Data Lake', 'Build and manage the data service APIs', 'ELT tools: Azure Data Factory & Azure Databricks']"
51,Data Centre Operations Engineer,not available,Atos Information Technology HK Limited,"['HKCEE/ DSE or above', '1 year of relevant experience', 'shift duty']"
52,Data Modeler,not available,Capgemini Hong Kong Limited,"['Experience in data modeling', 'cantonese speaker', 'Bachelor degree']"
53,Data Analytics Internship,not available,Hypebeast Hong Kong Limited,"['Internship program welcoming all students', 'Comprehensive intern program on analytics', 'Expose to all-rounded date driven projects']"
54,Master Data Administrator,not available,PMD Engineering Limited,"['Highly successful international company', 'Competitive salary package', 'Development opportunities']"
55,"Engineer, Core Network",not available,China Mobile Hong Kong 中國移動香港,"['Degree in Electronic,Computer or Telecommunication', 'Fresh graduate is also welcome', '1 years or above']"
56,Cloud Data Engineer,not available,FrankAsia Search Limited,"['Data Warehouse in Google Cloud Platform', 'ETL/ CICD', 'Machine Learning Algorithms']"
57,Solution / Project Specialist (Data Center) (Ref: CMIJD-0422-SPSCMIXHK),not available,China Mobile International Limited,"['Pre-Sales & Project Management role', 'Data Center solution and project management', 'Development opportunity']"
58,"Data Engineer, 35k",not available,Ambition,"['International team', '3-5 years of experience in data engineering', 'Great career path']"
59,"Data Engineer, Managed Services",not available,KPMG,"['Degree in Computer Science or related fields', ""5 years' exp in database mgt and administration"", 'Skilled in database performance tuning, testing']"
60,"Officer, Payment Operations and Data Management",not available,Konew Financial Express Limited 康業信貸快遞,"['Maintain records of loan and repayment information', 'System enhancement and prepare reports', '5 days work, birthday leave, anniversary leave']"
61,"Engineer (PI) / Engineering Associate (PI), Software Development",not available,Hong Kong Applied Science and Technology Research Institute Company Limited (ASTRI),[]
62,Data Centre Engineer - E&M,not available,Prowess Recruitment Consulting Limited,"['Educational of E&M / Building Services / Computer', 'Experience different type of facility operation', '5-10 years experience and knowledge of AutoCAD']"
63,AI Computer Vision Researcher / Developer / Data Scientist,not available,Linkers International Limited,"['deep learning/Machine learning/Python/numpy', 'Attractive Package up to 50K x 12 + bonus', 'Dynamic work culture/ Excellent career exposure']"
64,VM Manager / Engineer,HK$35K - 55K /month ,Everway technology Limited,"['Double Pay', 'Bouns', 'Provide accommodation']"
65,Data Engineer Lead - Leading Financial Firm,not available,ST Partnership Limited,"['Data Engineer', 'Group Level strategy', 'Good to have multi cloud knowledge']"
66,Full Stack Developer (Data Engineer),HK$30K - 45K /month ,Pacific Focus Consultancy Limited,"['2+ years development experience', 'Offer fintech and FS exposure', 'Perm role, attractive package']"
67,"Banking - P Manager, Technical Manager(Google or AWS), Tester, Mobile Developer, Data Engineer",not available,Leadership Solutions Limited,"['Project Manager', 'Technical solution manager', 'Big company']"
68,Cloud Big Data Analyst,not available,eCloudvalley Technology (HK) Limited,[]
69,Insurance Data Presales Consultant,not available,Captiare,"['Presales / Data Scientist', 'Insurance background', 'Regional role']"
70,Data developer,HK$25K - 35K /month ,Randstad Hong Kong Limited,[]
71,Associate/ Senior Associate - Data Analytics - Risk Assurance - GBA,not available,深圳前海普華永道商務諮詢服務有限公司,"['Hands on experience in any business intelligence', 'Strong communicator, able to work with others', 'Previous working experience in data analytics']"
72,Data Analyst (Advertising & Media Field),not available,Omnicom Media Group,"['Free Shuttle Bus & Free Breakfast', 'Birthday, Family Day & Self-Love Day Leave', '5-Day Work Week']"
73,Sr. Data Analyst / IT Engineer X2 - (Top Urgent ),not available,P & A Consultant Limited,[]
74,"Officer, Business and Big Data Management  - Internet Finance Department",not available,Industrial and Commercial Bank of China (Asia) Limited,[]
75,Data Engineer - Up to HKD40K + Bonus,not available,CKC Solutions Limited,"['Permanent role', 'Awesome chance and Career path', 'Attractive package and benefit']"
76,System Engineer (Data Center),not available,IPTP Limited,"['Global Internet Service Provider/ Linux/ Windows', 'Data center operation/ Cabling/ Switching', 'Salary Negotiable based on technical skills']"
77,Lead Data Architect,not available,Hang Seng Bank Ltd,[]
78,(Senior) Software Engineer (C/C++) | Fresh Grad welcome | Up to 40k for Senior role,HK$25K - 35K /month ,JFE Consulting Limited,"['Perm opportunity, In-house software development', 'Attractive Package, 5 days work week, Double Pay', 'Fresh Graduates are welcome']"
79,Mechanical Department Junior Engineer (MDE),not available,API Lab Testing Limited,"['Certificate in Mechanical engineering', 'Minimum of 3-year experience in mechanical engin', 'Immediately Available']"
80,APAC Data Privacy Officer,not available,Michael Page,"['Asia Pacific Compliance lead', 'Financial Services Industry', 'Attractive package']"
81,Enterprise Architect (Data Lake/Data Science),HK$90K - 120K /month ,Page Group Hong Kong,"['Latest Enterprise Project implementation', 'Strong in either Data Lake or Data Science', 'Stable working environment']"
82,"Junior Data Engineer, Start-Up, Fashion (Fresh Graduates welcomed)",not available,Company Confidential,"['Five-day work week', 'Medical insurance', 'Staff purchase discount']"
83,Full Stack Engineer (C++),HK$45K - 90K /month ,Robert Walters (HK),"['Experience in Delivering Front Office Tools', 'Strong in C++, Java, Python, SQL', 'Knowledge in Fixed income Products']"
84,Analyst Programmer (Web development / data analytics),not available,BDO,"['Web development, data analytics', 'Java, C#, ASP.NET, JavaScript, SQL', 'Friendly environment, 5 day work, birthday leave']"
85,Sr Data Analyst / Senior System Analyst – Data warehouse - Insurance (ETL / SSIS)(HKD40k – 50k),HK$35K - 55K /month ,Lloyd Karson International Limited,"['Design, build & maintain datawarehouse for Life', 'Data-mapping / modeling, ETL process, Dashboard', 'MS Azure, MS SQL Server, SSIS, SSRS, SSAS, PowerBI']"
86,"Indirect Procurement Advisor, Facilities & Building Services",not available,Celestica Hong Kong Limited,"['Building services engineering background', 'Facilities projects management experience', 'Facilities vendor sourcing & contract negotiation']"
87,Informatica ETL Data Engineer - Leading Insurance Group,HK$45K - 55K /month ,Pinpoint Asia Limited,"['Datawarehouse / ETL Design and Build', 'Cloud Transformation', 'Large Scale Project']"
88,"Forensics (Fraud & Investigation/eDiscovery, Data Analytics) - Consulting - Shenzhen/HongKong - GBA",not available,深圳前海普華永道商務諮詢服務有限公司,"['HK residents and lawfully employable in HK', 'University graduates with bachelor’s degrees', 'Can accept working in Greater Bay Area']"
89,"Data Centre Operator (Shift duty is required, commercial, Up to 20K)",not available,CL Technical Services Ltd.,"['Shifty duty is required', 'Day-to-day support in Data Centre', 'Operating Linux, Unix, Windows servers']"
90,Data developer/engineer,HK$30K - 35K /month ,Randstad Hong Kong Limited,[]
91,Consulting Lead - AI / ML / Data / Video Analytics,not available,PERSOLKELLY Hong Kong,"['Lead Consultant in strong technology MNC', 'Emerging tech, AI / Analytics / Video Analytics', 'High impact, high exposure position regionally']"
92,Analyst Programmer (Data Warehouse) (Job ID: 6144),not available,The Hong Kong University of Science and Technology,[]
93,Technical Specialist (Application & Data Security),not available,Edvance Technology (Hong Kong) Limited,"['2 yrs exp. working in application development', 'Develop specialized cybersecurity expertise', 'Get involved from presales to post sales services']"
94,Network Operations Centre Engineer (Voice / Network),not available,PCCW Global (HKT),[]
95,Engineer - Cloud Infrastructure (Development & Maintenance),not available,China Mobile Hong Kong 中國移動香港,"['Double pay & Discretionary bonus', 'Birthday leave & Birthday gift', 'Less experience candidate will be considered']"
96,Data centre migration lead (in-house),HK$45K - 70K /month ,Robert Walters (HK),"['Reputable client', 'Exciting project exposure (private cloud)', 'Good career progression']"
97,Mechanical Plant Engineer  (Ref: 88083T1),not available,Meinhardt Consulting Engineers,[]
98,Engineer (Network Configuration),not available,HGC Global Communications Limited,"['Perform network data configuration work', 'Diploma in Computer Science / IT', ""2 years' working experience in IT networking""]"
99,Data Scientist,not available,Viu,[]
100,Engineer - Facility Management,not available,Cathay Pacific Services Limited,"['Implement assigned projects', 'Supervise/coordinate with all maintenance contract', 'Ensure Preventive / Correcetive Maintenances']"
101,Project Engineer I (Mechanical) (Ref: PD-M-PE1-JD),not available,"The Hongkong Electric Co., Ltd","['To assist in planning, permitting', 'Bachelor Degree in Mechanical Engineering', 'Membership of the HKIE']"
102,Data Scientist - Deep Learning/AI  (Perm/ Up to 50K),not available,Linkers International Limited,"['Exp. deep learning/Machine learning/Python/numpy', 'Big Data Company in APAC with attractive Package', 'Dynamic work culture/ Excellent career exposure']"
103,Senior Network Operations Engineer,not available,Towngas Telecommunications Company Limited,"['Diploma or above in Building Services Engineering', '>6 years’ experience in telecom industry', 'Provide fault analysis of each network platform']"
104,Data Science Analyst (Fresh Graduates Welcomed),not available,ACW Solutions Limited,"['Data Analytics, AI and IoT Projects', '5-Day Work Week + On-Job Training', 'Certification Exams with Financial Assistance']"
105,Head of Data Dissemination and Client Services,not available,Hang Seng Bank Ltd,[]
106,Data Operator (contract),HK$14K - 20K /month ,Compathnion Technology Limited,[]
107,AI Engineer / Senior AI Engineer,not available,Success Base Engineering Ltd,"['Focus on data science &  computer vision', 'Translate business requirements to Technical spec.', 'Cooperate with other functional units for solution']"
108,Sr. Data Analyst / IT Engineer X2 - (Top Urgent ),not available,P & A Consultant Limited,[]
109,"Software R&D Engineer (IoT, AI, Big Data)",not available,OT Systems Ltd,"['Five-day work week', 'Development opportunities', 'Welcome fresh graduate']"
110,Data Applications Developer,not available,ProFinex Limited,[]
111,Data Architect,not available,TVB New Media Group Limited,[]
112,"Manager, Data Analytics & BI Solution (APAC)",not available,ConnectedGroup Ltd,"['Sizable and well established retail FMCG brand', 'MNC. Regional role focusing on APAC regions.', 'Solid exposure on data analytics & BI solutions']"
113,Electrical / Mechanical Engineer - All level (Electrical / HVAC / FS / ELV / Lift / PLC),not available,Ebro Executive Search Limited,"['E&M Contractor / Engineering Consultant', 'Exp in Electrical / HVAC / ELV / Fire Service sys.', '$15-$45K. Medical, bonus']"
114,"APAC Data Privacy Lead (Up to HK$2M per Annum), Leading MNC",not available,Charterhouse Partnership,"['Qualified lawyers/compliance, strong data privacy', 'Chinese language skills not required', 'Centrally located office']"
115,Data Scientist - AI Team (Strong Programming or Maths),not available,Risksis Technology Limited,"['Data Science, Analytics', 'Java, Python', 'Machine Learning']"
116,Data Analyst / Data Scientist - NLP / Speech Analytics,not available,Walters People (HK),"['Leading Data innovation Team', 'Large variety of project exposure', 'NLP will be the first focus']"
117,"Data center Operator (permanent, bonus, 15 Anuual leave)",not available,Eternity Consultants (HK) Ltd,[]
118,Software Engineer,not available,Negawatt Utility Limited,"['5 days work', 'competitive salary', 'IoT and AI Technology']"
119,Supervisor – Data Analysis & Planning,not available,Canon Hongkong Company Limited,"['Identify, analyze, and interpret complex data sets', 'Transform data to information and insight', 'Min. 4 years relevant work experience']"
120,Data Engineer (1 Year Contract),not available,Generali Life (Hong Kong) Limited,[]
121,Facilities Engineer / (Senior) Technician - Data Centre,not available,Acton Consulting Limited,"['Facilities Management Technician', 'Electrical / Building Services', 'APPLY NOW - Send CV to [email\xa0protected]']"
122,Data Engineer,not available,Eastech Systems Limited,"['Provide general technical support and training', 'Higher Diploma or above in Computer & Information', 'Minimum 1 year of experience in IT']"
123,Data Center Site Supervisor ( Up to 40K ),not available,Manpower Services (Hong Kong) Limited,"['Data Centre Support', 'Electrical or mechanical License', 'Double Pay plus bonus']"
124,Data Engineer (BI Engineer),not available,Lalamove,"['5-day working', 'Strong programming role', 'ETL/ELT']"
125,Big Data Consultant,not available,Automated Systems (HK) Ltd,"['Opportunities for your career promotion every year', 'You will have opportunities to try different proj.', 'Become part of our talented and core team']"
126,AI Expertise,not available,Megasoft Limited,"['AI technology', '1 to 3-year(s) experience', '5-day working, Science Park']"
127,Data Centre Specialist - Reputable Public Corporation,HK$20K - 45K /month ,Page Group Hong Kong,"['Stable Career Path', 'Dynamic Working Environment', 'Prime Working Location']"
128,Data Center Operator / NOC Engineer (18-20K),not available,Global Development Co,"['Need Shift Duty (7X24)', 'Work in TST or Kowloon Bay', 'Form 5 graduated or above']"
129,"Google Cloud Data Engineer, Data Analyst, Data Engineer",not available,Leadership Solutions Limited,"['IT Data Engineer', 'IT Data Analyst', 'Google Cloud Data Engineer']"
130,Data Science Manager – Machine Learning / AI,not available,Neo Derm (HK) Ltd,"['5 yrs or above Data Science working expereince', 'Deliver customer segmentation and behavioral model', 'Supervised, unsupervised & reinforcement learning']"
131,"Manager, Data Strategy & Governance, Data & Analytics,  Technology Consulting",not available,KPMG,"['Data Strategy & Governance', 'Data Lake Azure', 'Consulting / Advisory']"
132,"Team Head, Data Centre Operations - IT Operations Department",not available,Chong Hing Bank Ltd,"['Manage data centre facilities', 'Provide IT services continuity management', 'Minimum 10 years’ relevant experience']"
133,DevOps/ Engineer Analyst - Security,not available,BC Technology (Hong Kong) Limited,"['Software Engineer', 'Crypto', 'DevSecOps']"
134,Data Warehouse Tech Lead - Leading Bank,HK$55K - 70K /month ,Pinpoint Asia Limited,"['Data Team Lead Position', 'Datawarehouse / ETL Design and Build', 'Banking Perm Role']"
135,Design Validation Engineer (6 months contract),not available,Philip Morris Asia Ltd,"[""Join us to build the 'Smoke Free Future'"", 'Consumer electronics product development center', 'Top Employer Award HK (Consecutive Year 2020-2021)']"
136,Facility Engineer / Assistant Facility Engineer,not available,iAdvantage Limited,"['Leading Data Centre in Hong Kong', 'Foster Professional Business Partnerships', 'Energetic and Flexible Working Environment']"
137,Senior/Data Engineer - ETL&GCP,not available,KOS International Limited,"['Data Warehouse in Google Cloud', 'Large-scale Data Pool', 'Machine Learning Algorithms']"
138,Junior Software Engineer,not available,Sun Television Cybernetworks Enterprise Limited,[]
139,Data Engineer/Senior Data Engineer,not available,"TCL Corporate Research (Hong Kong) Co., Limited",[]
140,"Senior Analyst Programmer (Data Engineer), Information Technology (1-year contract)",not available,FWD Life Insurance Company (Bermuda) Limited,"['Assist in system design and prepare program spec.', 'Experience in ETL, data management, data pipeline', 'Knowledge of data management best practices']"
141,Operations Director (Data Center at Philippines),not available,McQueen & Pitt Consultants Limited,"['Strong manage CapEx & OpEx and capital expenditure', 'Prior experience in Philippines is added advantage', 'Must be station in Philippines']"
142,Data Scientists,not available,SS Data Limited,"['seeking talents of data science (Senior and Basic)', 'participating in BigData customer behavior project', 'building data modelling/algorithms and AI engine']"
143,Data Analytics Consultant / Associate Data Analytics Consultant,not available,Velocity Business Solutions Limited,"['Manage, Work and Support client projects', 'Communicate project task deliverables', 'Engage, Support, Share and Assist the team']"
144,Machine Learning Engineer ​,not available,Regtics Limited,"['Machine Learning Exposure', 'Model implementation in financial industry', 'Product Development']"
145,"Technical Consultant (.NET, Azure, Devops, Big Data)",HK$30K - 45K /month ,Nigel Frank International,"['C#, .NET, ..NET Core', 'Azure, API', 'DOCKER, KUBERNETES']"
146,Security Engineer (on-shift duty) (fresh graduate welcome),not available,CITIC Telecom International CPC Limited,"['Perform daily log analysis in SOC', 'Assist in dectection & resolution of problems', 'Fresh graduate welcome, shift duty']"
147,1-year Student Placement - Software Engineer Trainee ( Big Data / Blockchain),not available,Risksis Technology Limited,"['blockchain, hyperledger', 'big data', 'Develop Algorithms and Large-scale system']"
148,Big Data Consultant (Business Intelligence),not available,Automated Systems (HK) Ltd,"['Listed IT solution company', 'Various projects exposure and excellent career', 'Attractive package, Renewable contract']"
149,Postdoctoral/Graduate R&D Engineer & Data Scientist (Innovation Lab),not available,HKT,[]
150,Contract Data Engineer,not available,Computer Recruitment Consultants Ltd,"['Data Management Solution', 'Data Lake, Data Warehouse Data Pipelines', 'Familiar with SQL, PowerBI, Python']"
151,"Data Engineer/ Data Analyst / Data Scientist (Power BI, Python, JavaScript, HTML5)",not available,Taylor Coulter,"['Degree holder', 'more exp. will be considered as Senior post', 'Power BI/ SQL/ Python/ PHP/ JavaScript/ HTML5']"
152,"Senior Lead Engineer / Lead Engineer, Software Development (Big Data)",not available,Hong Kong Applied Science and Technology Research Institute Company Limited (ASTRI),[]
153,Data Governance Lead,HK$55K - 90K /month ,CXC Global,"['Large digital transformation phase', 'Building data driven business mode', ""A business impact millions people's daily life""]"
154,Artificial Intelligence Engineer,not available,TUV SUD China Holding Ltd,"['Verification and validation of AI data', 'Design and implementation of audit processes', 'Development of quality management systems']"
155,"Data Centre Operator (Shift duty is required, commercial, Up to 20K)",not available,CL Technical Services Ltd.,"['Day to day support in Data Centre', 'Shift duty is required', 'Operating Linux, Unix, Windows servers']"
156,PostgreSQL Engineer,not available,Viseo Hong Kong Limited,"['Enterprise Level', 'Multinational Project', 'Competitive Salary Package']"
157,Video Analytic Engineer (Internship / Fresh Graduates are also welcome),not available,PERSOLKELLY Hong Kong,"['1 years in Software Development', 'Experience in Python, C/C++, Machine Learning, AI', 'Good Knowledge in Video Analytics, IoT, AI']"
158,Data Scientist/Machine Learning Intern,HK$8K - 11K /month ,Commvest (Asia) Limited,[]
159,Junior software engineer (IoT),not available,Moss Tech Limited,"['5 days Work/Medical Insurance', '1-2 years of Experience', 'Experienced in Javascript']"
160,(Senior) Operators - Data Centre,not available,Acton Consulting Limited,"['Data Center Daily Routine task', 'Simple Knowledge in Wintel or Unix Server', 'APPLY NOW by sending CV to [email\xa0protected]']"
161,Data & Analytics Platform Architect,HK$90K - 120K /month ,Pinpoint Asia Limited,"['Define the Data Policy and Standard', 'Leadership Position', 'Prestige Well Known Enterprise']"
162,Project Engineer - ( Data Centre ) -5 day work,not available,Global Links Consulting,"['Data Centre  E&M project management', 'Excellent remuneration & Work-life balance', 'Permanent   5 day work']"
163,Mechanical Engineer,not available,Liebherr (HKG) Limited,"['Repair construction machines', 'Complete technical training, Need driving License', 'Aircraft industry welcome']"
164,Data Platform Manager,not available,Hang Seng Bank Ltd,[]
165,Research Scientist – AI / Machine Learning,not available,"TCL Corporate Research (Hong Kong) Co., Limited",[]
166,Data developer/engineer,HK$30K - 35K /month ,Randstad Hong Kong Limited,[]
167,Senior AI Researcher,not available,Wisers Information Limited,"['Fast growing AI/ Big data company in APAC', 'Excellent career exposure and development', 'Young and friendly team']"
168,"Data Scientist, NLP, OCR projects- FS (12 months)",HK$45K - 55K /month ,Gravitas Recruitment Group,"['-Develop NLP, OCR products for the business', '-Work with PhD level Data Scientists', '-Renewable and high chance of turning permanent']"
169,Data architect,HK$45K - 90K /month ,Randstad Hong Kong Limited,[]
170,Senior Responsible Sourcing Analyst – Data and Reporting,not available,Target Sourcing Services Hong Kong Limited,[]
171,Senior Technical Lead - Data Analytics Platform,HK$45K - 70K /month ,Ambition,"['Large scale Data Analytics Platform development', 'Team Lead - Onshore and Offshore', 'Stable working environment, 5-day work week']"
172,"Engineer (PI) / Engineering Associate (PI), Software Development",not available,Hong Kong Applied Science and Technology Research Institute Company Limited (ASTRI),[]
173,Senior/Lead Data Scientist,not available,Wisers Information Limited,"['Fast growing AI/ Big data company in APAC', 'Excellent career exposure and development', 'Friendly working environment']"
174,Data developer,HK$25K - 35K /month ,Randstad Hong Kong Limited,[]
175,Data Analytic Software Analyst/ Data Scientist,HK$35K - 45K /month ,Kingvisions Consultants Limited,"['Exp in Android/iOS/Frontend development', 'BI tools, Google/ Firebase Analytic etc', 'Competitive salary package, Flexible working hour']"
176,"KDB+ Developer, Equity Systematic Trading Data & Analytics",not available,"JPMorgan Chase Bank, N.A.",[]
177,Engineer - Mechanical (REF: IHCE/SP_ME),not available,ATAL Engineering Ltd,"['Degree in Mechanical Engineering', 'With 3-5 years relevant working experience', 'Immediately available is preferred.']"
178,Service Engineer - Mechanical,not available,VPower Holdings Limited,"['5 years experience in Mechanical Engineering', 'Good analytical skills', 'Good command of English and Chinese']"
179,Software Engineer (Fresh Grads Welcome),not available,SHOPLINE,"['Practical training to know industry best practices', 'Attractive package and benefits e.g.Birthday leave', 'Develop technical knowledge and skill']"
180,M&E Engineer,not available,Pantonus Projects Limited,[]
181,Network Monitoring Technical Engineer,HK$17K - 25K /month ,"Peace Cable International Network Co., Limited",[]
182,System Analyst (Data Warehouse & Power BI),not available,Hang Lung Properties Limited,"['Work with business users', 'Participate in Data analytics projects', 'Responsible for system monitoring setup']"
183,"Customer Services Assistant (IDC Service Desk)  (Data Center,TKO area)",not available,Jones Lang LaSalle Ltd,"['customer services', 'data center', 'Facilities Management']"
184,Machine Learning Engineer ​,not available,Regtics Limited,"['Machine Learning Exposure', 'Model implementation in financial industry', 'Product Development']"
185,Lead Data Scientist,not available,Ztore HK Limited,"['4+ yrs of experience', 'Productionize machine learning', 'Lead scientists and engineers']"
186,Data Scientist,not available,Neo Derm (HK) Ltd,"['Hadoop, Spark, Lucene/Elastic Search, MongoDB', 'Bachelor in CS/Statistics/Operations Research/DS', 'Proficient in Python and SQL']"
187,Software Engineer (Fresh Graduate are welcome),not available,HKTaxi App Limited,"['Creative and Young Team', 'Flexible Working Hours', 'Software development']"
188,(Senior) Software Engineer (C/C++) | Fresh Grad welcome | Up to 40k for Senior role,HK$25K - 35K /month ,JFE Consulting Limited,"['Perm opportunity, In-house software development', 'Attractive Package, 5 days work week, Double Pay', 'Fresh Graduates are welcome']"
189,Data Scientist - Global MNC,not available,TEKsystems HK (Permanent Desk),"['', '', '']"
190,"Manager, Data Warehousing & Reporting, Data & Analytics",not available,KPMG,"[""Bachelor's degree"", '6+ years experience', 'Execellent communication skills']"
191,Specialist (Implementation),not available,The Hong Kong Jockey Club,"['3+ years’ relevant experience', 'ITIL service management', 'Network & System Implementation']"
192,Data Scientist - ASR/NLP,not available,Kingfisher Executive Search (HK) Limited,"['Automatic Speech Recognition (ASR)', 'Natural Language Processing', 'Data science']"
193,"Engineer (PI) / Engineering Associate (PI), Software Engineering",not available,Hong Kong Applied Science and Technology Research Institute Company Limited (ASTRI),[]
194,Data Analyzer - Taiwanese Native Speaker 台灣中文資料分析員 (Contractor ~ Sept. 2021),HK$11K - 14K /month ,Wistron Information Technology and Services Limited,"['Must be Native speaker', 'More than 10 years of local living experience', 'Nice to have legal work status (not required)']"
195,Global Big Data Analytic Lead,HK$55K - 90K /month ,Ambitious People Group,"['Regional exposure', 'Energetic working environment', 'Attractive package with room to grow']"
196,Lead Engineer,not available,CBRE,"['Facilities Management', 'Property Management', 'Hard Service']"
197,3D Vision Engineer,HK$20K - 30K /month ,博志生物科技(深圳)有限公司,"['International platform', 'Good salary', 'Pleasant working environment']"
198,Data Center Operator - 1st tier troubleshoot (~34K),not available,KOS International Limited,"['1st Tier Troubleshoot in Data Center', 'Sizeable Corporate', 'Bonus, Medical, Allowance']"
199,Electrical / Mechanical Engineer - All level (Electrical / HVAC / FS / ELV / Lift / PLC),not available,Ebro Executive Search Limited,"['E&M Contractor / Engineering Consultant', 'Exp in Electrical / HVAC / ELV / Fire Service sys.', '$15-$45K. Medical, bonus']"
200,Field Engineer (Fresh grad / diverse candidates are welcome),not available,EQUINIX,"['Operation support to data centre operation', 'Network/ Project/ Cable management', 'Family medical insurance cover & gym room']"
201,(Senior) Environmental Engineer (Waste / Water Treatment / E&M Facilities),HK$30K - 70K /month ,Ebro Executive Search Limited,"['Environmental advisory for an Engineering Company', '3yr environmental eng. exp for plants / facilities', '30-65K. Medical. Bonus']"
202,"Engineer (PI) / Engineering Associate (PI), Software Development & Testing",not available,Hong Kong Applied Science and Technology Research Institute Company Limited (ASTRI),[]
203,Lead Engineer,not available,CBRE,"['Facilities Management', 'Property Management', 'Hard Service']"
204,"IT & Data Process Trainee (5-Day Work, Double Pay & Discretionary Bonus)",HK$14K - 17K /month ,A. Hartrodt Hong Kong Limited,"['International Logistics Company', 'Near MTR Station', 'On Job Training provided']"
205,CIB Global Research - Applied AI & Machine Learning - Vice President,not available,"JPMorgan Chase Bank, N.A.",[]
206,Senior Data Architect (Global MNC; Attractive Package),not available,BGC Group (HK) Limited,"['Experience in semi-conductor/manufacturing sector', '5-Days Work Week; Top Global MNC company', 'Attractive Salary Pacakge with fringe benefits']"
207,Research Engineer – AI / Machine Learning,not available,"TCL Corporate Research (Hong Kong) Co., Limited",[]
208,Data developer,HK$25K - 35K /month ,Randstad Hong Kong Limited,[]
209,Software Engineer - Mobile Application,not available,Solos Technology Limited,"['5 days work with medical & dental scheme', 'On-job Training', '10-14 days annual leave with year-end bonus']"
210,Development Specialist (Wealth and Personal Banking Data),not available,Hang Seng Bank Ltd,[]
211,Data Strategy Consultant,not available,ImagineX Management Co Ltd,"['2+ years of digital / management consulting', 'genuinely interested in the AI/ML field', 'love to learn and experiment']"
212,Senior Data Architect,not available,Michael Page,"['Team leadership role', 'Stable environment', 'Be part to build the data driven environment']"
213,"Data Analytics Consultant (ETL, Alteryx, Tableau) Up to $50K",not available,CL Technical Services Ltd.,"['R, Python, SQL', 'Good career path', 'F & B industry']"
214,Engineer (Smart Facilities management) - Main Contractor,not available,Rise Asia,"['On-site smart facility management', 'Support to the site for improving IoT, E-platform', 'Site based with attractive Salary Package']"
215,"Principal Engineer / Senior Manager, Machine Learning",not available,Hong Kong Applied Science and Technology Research Institute Company Limited (ASTRI),[]
216,Senior Development Engineer,not available,Manpower Services (Hong Kong) Limited,"['Software Development', 'Banking', 'DevOps']"
217,Data Processing Executive,not available,Aristo Market Research & Consulting Company Limited,[]
218,Sr. Data Scientist- Big Data,HK$45K - 70K /month ,安世半導體(中國)有限公司,"['IT,  AI,  Spark, Program manager', 'Big Data, PMO Analyst,', 'Project manager, Smart manufactory']"
219,Data Center Supervisor,not available,Swing Consulting Limited,"['5-days work', 'Exposure to sizeable company', 'Atractive package and career progression']"
220,Data Engineering & Platform Developer | Quant Hedge Fund | HK,not available,Michael Page,"['Cutting Edge Technology', 'High Performance Quant Firm', 'Buy-Side Front Office']"
221,Mechanical Department Junior Engineer (MDE),not available,API Lab Testing Limited,"['Certificate in Mechanical engineering', 'Minimum of 3-year experience in mechanical engin', 'Immediately Available']"
222,Presales Lead/ Presales Consultant (IP/ Network Infra/ Cloud/ Data Center),HK$45K - 70K /month ,Premier Aegis Recruitment,"['Salary HK$50,000 – $60,000 + bonus', 'Less experience could be considered', '5 days work week, well benefits']"
223,Data Scientist,not available,ADECCO,"['Leading German Mobility company', 'Exp in statistical model & machine learning', 'Programming: Python, R & database languages (SQL)']"
224,Contract Data Scientist,not available,Computer Recruitment Consultants Ltd,"['Plan / develop Data Management / Analytics', 'Manage a team of Data Engineers / Analysts', '8 years’ exp in data analytics / management']"
225,Senior Data Scientist,not available,Hong Kong Industrial Artifical Intelligence and Robotics Centre Limited,[]
226,Backend Application Developer (Junior/Senior),not available,Red Soldier Limited,"['Great Team, Growing Company, Love Programming', '5-day work,Performance Bonus, Medical insurance', 'Respect Engineers, Google Cloud Platform']"
227,"Regional Tech Recruiter, Internet Company 12 mnth contract 50k",HK$45K - 55K /month ,Morgan McKinley,"['Fortune 500 Internet Company', 'Technology recruitment experience is a MUST', 'Potential to transfer to perm']"
228,"Data Analyst / Specialist (SQL, BI, $25K-$40K, Commercial)",not available,CL Technical Services Ltd.,"['Data analysis', 'Team Lead', 'Multiple vacancies']"
229,ASSISTANT MANAGER - DATA ENGINEERING & ANALYTICS,not available,Sun Hung Kai Properties,"['Design, develop and manage data warehouse', 'Prepare regular business analysis reports', 'Develop Business Intelligence tools / Dashboards']"
230,IT Engineer,not available,SUEZ NWS Limited,[]
231,"Consultants for Java, Data, Web, Mobile,Cloud Developer,  etc",not available,Leadership Solutions Limited,"['IT application developer', 'IT consultant', 'Big company']"
232,Government T-Contract Openings (T25),not available,Optimum Solutions (Hong Kong) Limited,"['Contract and inhouse roles of Gov departments', 'Stable, Renewable, High Pay', 'Many openings']"
233,Onwing Support Associate,not available,Hong Kong Aircraft Engineering Co Ltd,"['Compile repair instructions', 'Liaise with Production to resolve technical issues', 'Work with production engineer']"
234,Data Centre Manager - TKO area - Attractive Package,HK$30K - 55K /month ,Randstad Hong Kong Limited,[]
235,Senior Data Analytics Consultant,not available,Velocity Business Solutions Limited,"['Business and Technical Consulting', 'Work with Leading Data Analytics Tool', 'Lead and Manage Projects & Clients']"
236,Full Stack Developer,not available,HKBN Enterprise Solutions HK Limited,"['Talent-first & LIFE-work Priority Culture', 'Support the full software development lifecycle', 'Collect user requirements & propose tech solutions']"
237,Data Architect,not available,CXC Global,"['Large digital transformation phase', 'Building data driven business mode', ""A business impact millions people's daily life""]"
238,Senior Data Scientist (Master/PhD),not available,Hays,"['InsurTech project', 'APAC market', 'Data Science explosure']"
239,Technician (Computer) (Contract Period: 1 Year),not available,Yordland Engineering Limited,[]
240,Machine Learning Engineer (Up to 50k) - Top Tier MNC Bank,not available,Page Group Hong Kong,"['Agile, digital and innovative projects', 'Build exciting products with new technologies', 'Very large data sets, perfect for Data Scientists']"
241,"Consultants for Java, Data, Web, Mobile,Cloud Developer,  etc",not available,Leadership Solutions Limited,"['IT application developer', 'IT consultant', 'Big company']"
242,Senior Business Analyst - Top Tier Bank  (Cloud/ Data),not available,Spring Professional (Hong Kong) Limited,"['Top tier bank', 'Data Engineering and Cloud project', 'Min. 5 years of experience']"
243,Consultant - BIM,not available,Arup,[]
244,Duty Engineer 當 值 工 程 師,not available,iAdvantage Limited,"['Higher Diploma in Electrical or Building Services', 'Data Centre', 'Duty Engineer']"
245,Android Mobile App Developer,not available,Compathnion Technology Limited,[]
246,Enterprise Data Architect,not available,PCCW Solutions Limited,[]
247,QA Engineer Intern,not available,Viu,[]
248,"Associate Consultant, Industry 4.0 and Smart Manufacturing (Smart Manufacturing Division)",not available,Hong Kong Productivity Council,[]
249,Graduate Software Developer,not available,"Alvanon HK, Ltd",[]
250,Assistant Advanced Analytics Manager,not available,"The Bank of East Asia, Limited","['University graduate in Computer Science', 'Assist in developing predictive models', 'Perform data collection and data engineering']"
251,Associate Data Scientist,not available,Ztore HK Limited,"['Fresh graduates welcome', 'Comprehensive learning: ML, BI, data engineering', 'Established team with ML models in production']"
252,"Data Scientist (computer vision, image processing)",not available,"Alvanon HK, Ltd",[]
253,Business Analyst - Perm Role,not available,RIDIK SOFTWARE SOLUTIONS PTE LTD,"['Business Analyst  (Banking Domain & Mandarin )', 'Business Analyst  (ETL & Cloud)', 'End Client Banking, Perm role']"
254,Business Analyst Lead (Job Ref No: MIS08),not available,Pico International (HK) Ltd,"['Apply analytical techniques to visualize data', '8 years of experience in analysis', 'Provide solutions to real business problems']"
255,Sub-Regional Facilities Engineering Manager,not available,CBRE,"['Facilities Management', 'Engineering operations', 'Regional role']"
256,ASSISTANT MANAGER - DATA ENGINEERING & ANALYTICS,not available,Sun Hung Kai Properties,"['Design, develop and manage data warehouse', 'Prepare regular business analysis reports', 'Develop Business Intelligence tools / Dashboards']"
257,Product Manager - Tech scale-up,not available,Prime Insight,"['AdTech', 'Scale-up company', 'International mindset']"
258,Senior Engineer/ Engineer/ Assistant Engineer/ Engineering Assistant  (MVAC / Plumbing & Drainage),not available,"Everlight Engineering Company, Limited",[]
259,Senior Data Analyst,not available,Principal Insurance Company (Hong Kong) Limited,[]
260,"IT Jobs (Programmer, Engineer, Analyst Programmer & QA, Analyst, Support, Developer, Designer)",not available,Corporate HR Management Consultancy Limited,[]
261,Fintech Career Accelerator Scheme - Compliance Assistant,not available,"The Bank of East Asia, Limited","['handling Fintech/ Regtech analysis and tasks', 'To perform analysis and testing', 'Undergraduate or postgraduate students']"
262,"Manager, Business Architect (Insurance), Finance Consulting",not available,KPMG,"['IFRS 17', 'Finance System implementation', 'Finance Consulting']"
263,Cloud engineer,not available,Archon Wellness Limited,"['Bachelor or above', '1 year of cloud experience, 15 days AL', '5 days work, medical insurance, incentive bonus']"
264,Digital Transformation Officer,not available,FuFa Labs Limited,[]
265,"Senior Manager / Manager, Interest Rate and Liquidity Risk (Virtual Bank)",not available,Livi Bank Limited,"['Virtual Bank / Digital bank', 'Risk Management', 'Excellent Career Development Opportunity']"
266,"IT Data Manager  - Datalake, Cloud (Stationed in Singapore)",not available,KOS International Limited,"['New Role', 'Data Warehouse', 'Microsoft Azure']"
267,System Administrator (2-Year Contract) [Ref: CLPP-PSBG-TSD-MB-SA],not available,CLP Power Hong Kong Limited,[]
268,2021 IT Graduate Trainee,not available,Orient Overseas Container Line Ltd (OOCL),"['2-year Fresh Graduate Program', 'Become global expertise and shipping profession', 'Team collaboration and open organization']"
269,Finance IT Business Analyst (Work in Bank),not available,Manpower Services (Hong Kong) Limited,"['5-days work', 'Good career pathway', 'High salary remuneration']"
270,Resident Engineer,not available,WSP (Asia) Limited,"['Chartered Engineer', 'Site data center experience', 'Building Services / Electrical / Mechanical Eng.']"
271,Data analyst (Welcome Fresh graduate),not available,RecruitFirst Limited,[]
272,Laboratory Technician,not available,UL International Limited,"['Laboratory Technician', 'Production test', 'Lab support']"
273,Data Scientist,not available,TVB New Media Group Limited,[]
274,"Consultants for Java, Data, Web, Mobile,Cloud Developer,  etc",not available,Leadership Solutions Limited,"['IT application developer', 'IT consultant', 'Big company']"
275,QA Technician,not available,SD Electronic Materials (Hong Kong) Limited,"['5-day Work Week', 'Competitive Remuneration and Benefits Package', 'Year-end Bonus and Discretionary Performance Bonus']"
276,Service Manager/ Assistant Service Manager,not available,Schneider Electric IT Hong Kong Limited,"['Field service/ engineering project management', 'Key account management team lead', 'Attractive remuneration package']"
277,Data Analyst,not available,TVB New Media Group Limited,[]
278,Principle Consultant - Business Consulting (Insurance),not available,Randstad Hong Kong Limited,[]
279,Fullstack Java/Angular Developer - Leading Investment Bank,HK$55K - 70K /month ,Pinpoint Asia Limited,"['Investment Bank', 'AngularJS / ReactJS', 'Java / Python']"
280,"Senior Manager, Business Consulting (Banking)",not available,Randstad Hong Kong Limited,[]
281,"Senior Technician, Hub & Fibre Maintenance Department",not available,i-CABLE Communications Limited,[]
282,"Software Engineer, Fintech, Experience Hire, up to 90k",not available,Bluemont Consulting,"['Scalable fintech product facing global customers', 'Full Agile Dev environment with new technologies', 'Multinational culture and regional collaboration']"
283,Staff Software Engineer,not available,Clover Health HK Limited,[]
284,Project Geologist - Foundations,not available,Gammon Construction Ltd,"['At least 7yrs of relevant post-qualification exp', 'Familiar in the use of Q-system', 'Degree holder in Geotechnical Engineering']"
285,Data Analyst,not available,HGC Global Communications Limited,"['Customer Analytic', 'Data Warehouse', 'BI Platform']"
286,Engineering Manager (Wealth and Personal Banking Data),not available,Hang Seng Bank Ltd,[]
287,"Business Process Planning Manager, Platform Innovation",not available,PCCW Global (HKT),[]
288,Data Analyst (SQL + Python/R),not available,Lalamove,"['5 working days/week', 'medical plan', 'dental plan']"
289,Associate Developer,not available,HKT,[]
290,Global Head of Civil Engineering (Data Center),not available,BDX (HK) Limited,"['Design, construction and implementation of DC', 'Civil Engineering Expert', 'Exp in Data Centre / Warehouse / Heavy Industry']"
291,"Cloud DevOps Engineer, Managed Services",not available,KPMG,"['Degree in Computer Science or related fields', 'Experience in development in particular DevOps', 'Experience in automation/configuration management']"
292,"Manager, Business Architect (Insurance), Finance Consulting",not available,KPMG,"['IFRS 17', 'Finance System implementation', 'Finance Consulting']"
293,Senior/ DevOps Engineer,not available,Kai OS Technologies (Hong Kong) Limited,"['AWS, CI/CD, k8s', 'Dynamic team & Work Life Balance', '5 Days Work Week, Double Pay, Bonus etc.']"
294,"Visualisation Lead, Senior Consultant / Manager, D&A, Technology Consulting",not available,KPMG,"['5 yrs+ of working experience in data analytics', 'Experience in delivering business intelligence', 'Strong team player and high willingness']"
295,Project or QA Manager/ System Analyst /Data / Business Analyst / Analyst Programmer (Fresh ok),not available,Seamatch Asia Limited,"['business analyst, system analyst and programmer', 'Web developer, mobile developer, data analyst', 'Fresh Graduate, Junior, Senior all required']"
296,Data Scientist,not available,Spring Professional (Hong Kong) Limited,"['Fintech unicorn', 'Python/R/C++', 'Fun & flexible working environment']"
297,"Specialist, Data Analyst, Corporate Banking",not available,DBS Bank Ltd,"['See job description.', 'See job description.', 'See job description.']"
298,Product Manager (Discover and Career Services),not available,SEEK Asia (Jobs DB),"['Our motto: Improving Lives through Better Careers', 'Company Values: We Care, We Aim High, We Deliver', 'Customized career development opportunities']"
299,DevOps Engineer,not available,Eclipse Options (HK) Limited,"['University Degree in Computer Science', '3+ years work experience in DevOps', 'An attractive benefits package']"
300,Data Management Specialist - Regional IT | Euro MNC | Database Administration,not available,Six People Map,"['Not Replacement - Stable Culture', 'Euro MNC - promising business!', 'Attractive packages in basic + bonus + double pay']"
301,"Dean, Faculty of Science and Technology [Ref.2021/ACAD002]",not available,UOW College Hong Kong,"['A doctoral degree in Science and Technology', 'professional qualification(s)', 'Strong networking relationships']"
302,"Assistant Professor / Teaching Associate, Faculty of Science and Technology [Ref.2021/ACAD003]",not available,UOW College Hong Kong,"['A doctoral / master degree in multimedia technolog', 'A minimum of three years’ teaching experience', 'Relevant professional qualification(s)']"
303,Sub-Regional Facilities Engineering Manager,not available,CBRE,"['Facilities Management', 'Engineering operations', 'Regional role']"
304,AI Technical Manager,not available,Wisers Information Limited,"['Fast growing AI/ Big data company in APAC', 'Excellent career exposure and development', 'Young and dynamic team']"
305,Senior System Analyst - C#.Net  - data warehouse (project base),HK$45K - 55K /month ,Robert Walters (HK),"['Develop & support datawarehouse & analytic system', 'exp in database clustering & performance tuning', 'tech in C# .net, SUSE Linux is plus']"
306,Clerk,not available,Shun Cheong Trade and Development Company Limited,[]
307,Software Engineer in Test,not available,Kai OS Technologies (Hong Kong) Limited,"['Test Automation, Quality Assurance and Test Plans', 'Coding skills in JavaScript and/or Golang', 'Extensive experience with testing REST APIs']"
308,HV Technician,not available,CBRE,"['Facilities Management', 'E&M Operations', 'Data Centre Operations']"
309,"Data Scientist (Insurance), Strategy & Performance",not available,KPMG,"['Data Scientist experience in Insurance/consulting', 'Programming language e.g. SQL, Python', 'Familiar with business intelligence tools']"
310,Facility Manager,not available,iAdvantage Limited,"['Electrical or building services engineering', 'Facility management', 'Data center operation']"
311,Helpdesk / Business Analyst/ SA - AP (.Net / Node.Js / Python/Java),not available,Mtel Career Consulting,"['system administration (Window & cloud)', 'System Analyst/Programmer (c#.net/EDI/WMS/Java)', 'Product support (ABBY/Onbase/Automative Anywhere)']"
312,Data Scientist/Developer Intern,not available,Grand Alliance Asset Management Ltd,"['Degree in Computer Science, Engineering', 'Proficiency in Python/HTML/CSS/JavaScript', 'Flexible work hours']"
313,Technical Pre-Sales Engineer - Top-Tier Blockchain Solution Company,not available,One Arrow Consulting Asia Limited,"['Opportunity to join a Top-Tier Blockchain company', 'Combination of Technology + Business', 'Exciting opportunity for a client-facing role']"
314,"Engineering Officer / Postdoctoral Researcher, AI & Robotics (Ref: RAD071_622/JDB/070521)",not available,Hong Kong Productivity Council,[]
315,"Management Trainee, Logistics Operations",not available,SF Supply Chain (Hong Kong) Limited,[]
316,QA Manager / Senior Quality Engineer || (HK / Macau),not available,Pride's Recruitment Limited,"['Station at HK / Macau (Main contractor)', 'Up to $65,000 X 13 mth + site Allowance', 'More experience will be considered as QA Manager']"
317,Global(Ex-China) Sales Manager/Director - Blockchain/Cloud/SaaS,not available,One Arrow Consulting Asia Limited,"['Opportunity to join the blockchain industry', 'Flexible set up with a strong brand supporting', 'Huge responsibility of expanding to the globe']"
318,Senior AI Engineer,not available,Welend Limited,"['Design, build and optimize AI solutions', 'Propose and adopt new tools on AI', 'Work closely with the development team']"
319,2021 IT Summer Internship,not available,Orient Overseas Container Line Ltd (OOCL),"['IT summer intern', 'Open organization', 'Great learning opportunity']"
320,IT business analyst - Retail,HK$35K - 55K /month ,Randstad Hong Kong Limited,[]
321,System Administrator / Helpdesk / Business Analyst/ SA - AP (.Net / Node.Js / Python/Java),not available,Mtel Career Consulting,"['system administration (Window & cloud)', 'System Analyst/Programmer (c#.net/EDI/WMS/Java)', 'Product support (ABBY/Onbase/Automative Anywhere)']"
322,Junior Quality Assurance Engineer,HK$8K - 11K /month ,First Advantage Limited,"['Work for a leading software company', 'Exposure to agile development and mobile testing', 'Work with team members across the world']"
323,Summer Intern (Operations),not available,Swissam Products Limited,[]
324,Management Trainee - Information Technology (JDB/SDMSL/ITMT/210422),not available,Sime Darby Motor Services Limited,"['18-month Fast Track Program for IT', 'Valuable Exposure to Motor Industry', 'Excellent Career Development & Mentoring']"
325,SALES MANAGER / ASSISTANT SALES  MANAGER (PROJECT TEAM),not available,Elibo Engineering Ltd,[]
326,Technician (BIM) (Ref: JDB/T-BIM/20210430),not available,New World Construction Company Limited,"['Build up BIM database (Revit) from design drawing', '2 years experience of BIM (Revit) modelling', 'Higher Certificate in Building or Construction']"
327,"Assistant Manager, Digital Analytics",not available,Principal Trust Company (Asia) Limited,[]
328,Project Engineer / Network Engineer,not available,Guna Technologies Limited,"['Five-day work per week', 'Education and Transportation Allowance', 'Performance Bonus']"
329,Project Coordinator,not available,Guna Technologies Limited,"['Project Coordinator', '5-day work-week', 'Happy working environment']"
330,Senior Technical Officer – Draughting (2-year Contract) [Ref: CLPP-PSBG-TD-Civil-STO-D],not available,CLP Power Hong Kong Limited,[]
331,System Administrator / Helpdesk / Business Analyst/ SA - AP (.Net / Node.Js / Python/Java),not available,Mtel Career Consulting,"['system administration (Window & cloud)', 'System Analyst/Programmer (c#.net/EDI/WMS/Java)', 'Product support (ABBY/Onbase/Automative Anywhere)']"
332,Senior Engineer (MVAC),not available,Enviro-Tech Engineering Company Limited,[]
333,Python Support/ Python Developer – Data Driven Technology firm,not available,PERSOLKELLY Hong Kong,"['Technology, software developer, python, coding', 'trading systems, development, applications', 'python support, python developer, programming,']"
334,Project Quantity Surveyor,not available,Airport Authority Hong Kong,[]
335,"Senior Engineer / Engineer, AI",not available,Hong Kong Applied Science and Technology Research Institute Company Limited (ASTRI),[]
336,Management Trainee - Information Technology (JDB/SDMSL/ITMT/210419),not available,Sime Darby Motor Services Limited,"['18-month Fast Track Program for IT', 'Valuable Exposure to Motor Industry', 'Excellent Career Development & Mentoring']"
337,"Senior Purchasing Officer (listed corporation in US, double pay, bonus, 14AL)",not available,Eternity Consultants (HK) Ltd,[]
338,Merchandiser – Toys,not available,Jakks Pacific (HK) Limited,"['5days work, 12+AL, Double Pay, Flexi-hrs, Medical', 'Form 7/DSE or above, 3yrs working exp.', 'Experience in sizeable US buying office']"
339,Sales Manager (Data Center),not available,Flex Recruitment,"['5 yrs exp. in sales/marketing in IT / Data Center', 'Degree in Engineering / IT / Marketing', 'Double pay, medical benefits, OT allowance']"
340,Data Architect/AI Architect/Big Data Architect/Data Platform Architect/Analytics Solution Architect,HK$70K - 120K /month ,Avanade Hong Kong Limited,"['Created by Accenture and Microsoft', ""13M's Pay,15 Annual Leave, ESPP, Group Medical"", 'Housing Bonus, Kudos Program, Mobile&Extend Bonus']"
341,"Senior Engineer (PI) / Engineer (PI), AI",not available,Hong Kong Applied Science and Technology Research Institute Company Limited (ASTRI),[]
342,(Senior) Support Officer,not available,HGC Global Communications Limited,"['Flexible working hours', 'Helpdesk Support', 'Strong supporting team']"
343,"Senior Engineer (PI), AI/Machine Learning",not available,Hong Kong Applied Science and Technology Research Institute Company Limited (ASTRI),[]
344,Network Operations Centre Supervisor / Manager,not available,PCCW Global (HKT),[]
345,System Administrator / Helpdesk / Business Analyst/ SA - AP (.Net / Node.Js / Python/Java),not available,Mtel Career Consulting,"['system administration (Window & cloud)', 'System Analyst/Programmer (c#.net/EDI/WMS/Java)', 'Product support (ABBY/Onbase/Automative Anywhere)']"
346,Assistant Engineer / Graduate Engineer (Civil / Structural),not available,ArchCorp Design Structural Engineers Limited,"['HKIE accredited Scheme “A” training', 'Structural Engineering Consultant Firm', 'Technical drafting using AutoCAD; with 3D drawing']"
347,IT business analyst - Retail,HK$35K - 55K /month ,Randstad Hong Kong Limited,[]
348,Mobile App Engineer,not available,Welend Limited,"['Participate in software design, development stages', 'Work closely with the development teams', 'Support different users on production issues']"
349,"Engineer (PI) / Engineering Associate (PI), NLP/Machine learning",not available,Hong Kong Applied Science and Technology Research Institute Company Limited (ASTRI),[]
350,"Postdoctoral Researcher, AI & Audio Analytics",not available,Hong Kong Productivity Council,[]
351,Senior UI/UX Designer (Virtual Bank),not available,Welab Bank Limited,"['Take ownership of the entire user experience', 'Develop and prototype design solutions', 'Work with the team in strategic development']"
352,Data Governance Analyst - Mox,not available,Standard Chartered Bank (Hong Kong) Ltd,"['Contribute to initiatives to manage risk associate', 'Work with Head of Data to design, drive', 'Minimum 2-3 years of experience in Data']"
353,"Data Scientist, Product Design and Customer Experience",not available,WeMine Limited,"['Market-competitive rate', 'Energetic and entrepreneurial', 'Observant and curious']"
354,Product Manager (Pre-Sales support),not available,Speechless Financial Technology Company Limited,"['Experience in AI Solution Sales team on pre-sales', 'Prior experience in start-up preferred', '5-6 years’ in project management']"
355,Banking Talent Programme - Information Technology,not available,Dah Sing Financial Group,"['Participate in software development projects', 'Experiment and Integrate individual software', 'Bachelor Degree in Computer Science']"
356,Consultant – Digital Services,not available,Arup,[]
357,"Electronic Trading Developer, VP",not available,"JPMorgan Chase Bank, N.A.",[]
358,Senior Sustainability Technical Engineer,not available,Lidl Asia Pte. Limited,"['5 day week', 'Competitive Annual Leave', 'help deliver their sustainability goals']"
359,Data Manager - APAC,not available,Robert Walters (HK),"['Data strategy and management', 'Innovating data products', 'Regional coverage']"
360,Python Support/Developer,HK$30K - 55K /month ,Sapientia Technologies Limited,"['1-4 years hands-on Python/Linux', 'Financial Trading and Hedge Fund Exposure', 'Competitive Compensation Scheme']"
361,Data Scientist/Developer Intern,not available,Grand Alliance Asset Management Ltd,"['Degree in Computer Science, Engineering', 'Proficiency in Python/HTML/CSS/JavaScript', 'Flexible work hours']"
362,SA -AP (.Net/ Java/ Node.Js/  Mobile/ Python) / System admin(Window) / Helpdesk /Business Analyst,not available,Mtel Career Consulting,"['system administration (Window & cloud)', 'System Analyst/Programmer (c#.net/EDI/WMS/Java)', 'Product support (ABBY/Onbase/Automative Anywhere)']"
363,Director of Customer Success,not available,Network Guard Limited,"['Fun and collaborative environment', 'Multicultural teams', 'Spacious open-concept and centrally located office']"
364,"Head of Construction, Asia Pacific",not available,Redpath Partners Limited,"['Data centre design and construction', 'Hong Kong / Singapore Based', 'Comprehensively attractive salary package']"
365,"Lead Consultant, Intellectual Property (SME Funding Division) Ref: SFD157/21, 2723/JDB/300421",not available,Hong Kong Productivity Council,[]
366,"Senior BI Analyst –  Business Process Improvement (Fortune 100 MNC firm, HKD 30 – 35k x 13)",not available,Aacurapid (Hong Kong) Ltd,"['MNC, Fortune 100+ company, US based', 'MNC Environment', 'Salary x 13 + Bonus, Medical']"
367,"Senior Engineer (PI) /Engineer (PI), Machine Learning",not available,Hong Kong Applied Science and Technology Research Institute Company Limited (ASTRI),[]
368,"Senior Java Developer, Order Management System for Equity Trading, VP",not available,"JPMorgan Chase Bank, N.A.",[]
369,"Senior Engineer (PI) / Engineer (PI), Full-Stack Developers",not available,Hong Kong Applied Science and Technology Research Institute Company Limited (ASTRI),[]
370,SENIOR ACCOUNT MANAGER / ACCOUNT MANAGER (Project Team),not available,Elibo Engineering Ltd,[]
371,Administration Officer,not available,C & L Design Engineering Company Limited,[]
372,Assistant Aftersales Officer (Ref.: BMW/JDB/AASO/20210423),not available,BMW Concessionaires (HK) Ltd,"['Data analysis, reporting & market research', 'Engineering or Statistics university graduates', ""2 years' work experience""]"
373,"Asset Management, CRM Business Analyst, Associate, Hong Kong",not available,"JPMorgan Chase Bank, N.A.",[]
374,Business Development Director - Programmatic,HK$35K - 45K /month ,Ambitious People Group,"['sales director', 'digital marketing & advertising', 'Programmatic']"
375,Fintech Intern – Information Technology (12-month contract),not available,Dah Sing Financial Group,"['Conduct researches', 'Design and develop easy-to-use web/ mobile app.', 'Participate in software development projects']"
376,Data Scientist / Computational Scientist (ACT),not available,Clustertech Limited,[]
377,Sales Coordinator / Customer Service Coordinator / Clerk,not available,Fire x Fire Limited,[]
378,(Senior) Operators - Data Centre (Normal office working hour),not available,Acton Consulting Limited,"['Data Center Daily Routine task', 'Simple Knowledge in Router or Servers', 'Operator Data centre']"
379,Operations Manager,not available,BDX (HK) Limited,"['Responsible for DC operational aspects', 'Manage a team of engineers / technicians', 'At least 8 years’ experience']"
380,Trader,not available,I-Access Investors Limited,"['Fresh graduates will be considered', 'Strong logical thinking', 'Engineering o Finance degree']"
381,Trader,not available,I-Access Group Limited,"['Fresh graduates will be considered', 'Strong logical thinking', 'Engineering or Finance degree']"
382,Data Scientist/Developer Intern,not available,Grand Alliance Asset Management Ltd,"['Degree in Computer Science, Engineering', 'Proficiency in Python/HTML/CSS/JavaScript', 'Flexible work hours']"
383,Assistant Geologist,not available,WSP (Asia) Limited,"['Bachelor’s degree in Geology/Earth Sciences', '1 to 2 years relevant work experience', 'Hard working, responsible and willing to learn']"
384,SA -AP (.Net/ Java/ Node.Js/  Mobile/ Python) / System admin(Window) / Helpdesk /Business Analyst,not available,Mtel Career Consulting,"['system administration (Window & cloud)', 'System Analyst/Programmer (c#.net/EDI/WMS/Java)', 'Product support (ABBY/Onbase/Automative Anywhere)']"
385,Manager - Information Technology(IDCO) (Ref:JDB/M/IT/CA/IDCO/210423),not available,Securities and Futures Commission,"['at least 15 years of solid and relevant experience', 'university degree or professional qualification', 'be assertive and an active team player']"
386,Site Clerk,not available,"The Jardine Engineering Corporation, Limited","['Engineering support', 'Site Clerk', 'Work in Fanling']"
387,Sales / Customer Service Coordinator,not available,Fire x Fire Limited,[]
388,Application Support Engineer,not available,Welend Limited,"['Maintain existing software systems as required', 'Work closely with the development team', 'Support internal and external users']"
389,Costing Executive,not available,The Marketing Store Worldwide (Asia) Ltd,"['Expertise in MS Excel & database management', 'Good at cost analysis & analytical skill', 'Fast learner and fresh graduates are welcome']"
390,HV Technician,not available,CBRE,"['Facilities Management', 'E&M Operations', 'Data Centre Operations']"
391,Machine Learning Engineer - Sal. up to 50k,not available,Manpower Services (Hong Kong) Limited,"['Proficient in English', 'Develop and manage data pipelines and APIs', 'Develop ML models and design a production path']"
392,Senior Consultant – Digital Design Integration (Product Manager),not available,Arup,[]
393,System Engineer / Senior System Engineer,not available,Hong Kong Television Network Limited,"['Shell script is a must', ""Minimum 5-10 years' hands-on and solid Linux"", 'Degree in Computer Science or related disciplines']"
394,"Manager, Customer Experience",not available,Principal Trust Company (Asia) Limited,[]
395,Business Development Officer,not available,Phillip Securities Group,"['data analysis', 'business development', 'bonus']"
396,Network Operations Technician (Data Centre) (Fresh Graduate is welcomed),not available,BDX (HK) Limited,"['Data Center Helpdesk System', '1 year experience in building / construction field', 'Shift duty is required']"
397,Temporary Merchandiser - Toys / Seasonal Products [9 months Contract],not available,Disguise Limited,"['Temporary Merchandiser (9 months Contract)', 'Form 7/DSE or above, 3 years’ experience in toys', 'Work with customers and factories']"
398,Quality Assurance Manager (Process Improvement),not available,SEB Asia Limited,"['5 minutes from Olympic Station', 'Process Improvement from Quality Assurance Data', 'Work Life Balance (Birthday Leave, Family Leave)']"
399,Research Analyst (Artificial Intelligence),not available,Master Dynamic Limited,[]
400,Technical Officer (Ref. No.: NS-SKY-TO-LTW),not available,HKT,[]
401,Senior Technical Officer (Ref. No.: NS-SKY-STO-LTW),not available,HKT,[]
402,Town Planner (Senior Associate / Associate Director),not available,Atkins China Ltd,"['Experienced Chartered Town Planner', 'Dynamic multi-disciplinary environment', 'Major infrastructure and development projects']"
